"filename", "language", "JSON", "JSON with Comments", "JavaScript", "TypeScript", "CSS", "XML", "HTML", "Markdown", "comment", "blank", "total"
"c:\Users\Alejandro\Desktop\Semestre 1-2024\SW1\Proyecto Final\frontend-finalsw1\README.md", "Markdown", 0, 0, 0, 0, 0, 0, 0, 14, 0, 14, 28
"c:\Users\Alejandro\Desktop\Semestre 1-2024\SW1\Proyecto Final\frontend-finalsw1\angular.json", "JSON", 103, 0, 0, 0, 0, 0, 0, 0, 0, 1, 104
"c:\Users\Alejandro\Desktop\Semestre 1-2024\SW1\Proyecto Final\frontend-finalsw1\package-lock.json", "JSON", 13188, 0, 0, 0, 0, 0, 0, 0, 0, 1, 13189
"c:\Users\Alejandro\Desktop\Semestre 1-2024\SW1\Proyecto Final\frontend-finalsw1\package.json", "JSON", 50, 0, 0, 0, 0, 0, 0, 0, 0, 1, 51
"c:\Users\Alejandro\Desktop\Semestre 1-2024\SW1\Proyecto Final\frontend-finalsw1\server.ts", "TypeScript", 0, 0, 0, 40, 0, 0, 0, 0, 6, 11, 57
"c:\Users\Alejandro\Desktop\Semestre 1-2024\SW1\Proyecto Final\frontend-finalsw1\src\app\app.component.css", "CSS", 0, 0, 0, 0, 0, 0, 0, 0, 0, 1, 1
"c:\Users\Alejandro\Desktop\Semestre 1-2024\SW1\Proyecto Final\frontend-finalsw1\src\app\app.component.html", "HTML", 0, 0, 0, 0, 0, 0, 1, 0, 0, 0, 1
"c:\Users\Alejandro\Desktop\Semestre 1-2024\SW1\Proyecto Final\frontend-finalsw1\src\app\app.component.spec.ts", "TypeScript", 0, 0, 0, 25, 0, 0, 0, 0, 0, 5, 30
"c:\Users\Alejandro\Desktop\Semestre 1-2024\SW1\Proyecto Final\frontend-finalsw1\src\app\app.component.ts", "TypeScript", 0, 0, 0, 12, 0, 0, 0, 0, 0, 2, 14
"c:\Users\Alejandro\Desktop\Semestre 1-2024\SW1\Proyecto Final\frontend-finalsw1\src\app\app.config.server.ts", "TypeScript", 0, 0, 0, 9, 0, 0, 0, 0, 0, 3, 12
"c:\Users\Alejandro\Desktop\Semestre 1-2024\SW1\Proyecto Final\frontend-finalsw1\src\app\app.config.ts", "TypeScript", 0, 0, 0, 19, 0, 0, 0, 0, 0, 5, 24
"c:\Users\Alejandro\Desktop\Semestre 1-2024\SW1\Proyecto Final\frontend-finalsw1\src\app\app.routes.ts", "TypeScript", 0, 0, 0, 132, 0, 0, 0, 0, 0, 4, 136
"c:\Users\Alejandro\Desktop\Semestre 1-2024\SW1\Proyecto Final\frontend-finalsw1\src\app\authentication\authentication.component.css", "CSS", 0, 0, 0, 0, 0, 0, 0, 0, 0, 1, 1
"c:\Users\Alejandro\Desktop\Semestre 1-2024\SW1\Proyecto Final\frontend-finalsw1\src\app\authentication\authentication.component.html", "HTML", 0, 0, 0, 0, 0, 0, 20, 0, 0, 1, 21
"c:\Users\Alejandro\Desktop\Semestre 1-2024\SW1\Proyecto Final\frontend-finalsw1\src\app\authentication\authentication.component.ts", "TypeScript", 0, 0, 0, 33, 0, 0, 0, 0, 0, 6, 39
"c:\Users\Alejandro\Desktop\Semestre 1-2024\SW1\Proyecto Final\frontend-finalsw1\src\app\authentication\authentication.service.ts", "TypeScript", 0, 0, 0, 66, 0, 0, 0, 0, 2, 8, 76
"c:\Users\Alejandro\Desktop\Semestre 1-2024\SW1\Proyecto Final\frontend-finalsw1\src\app\authentication\screen\login\login.component.css", "CSS", 0, 0, 0, 0, 0, 0, 0, 0, 0, 1, 1
"c:\Users\Alejandro\Desktop\Semestre 1-2024\SW1\Proyecto Final\frontend-finalsw1\src\app\authentication\screen\login\login.component.html", "HTML", 0, 0, 0, 0, 0, 0, 37, 0, 6, 0, 43
"c:\Users\Alejandro\Desktop\Semestre 1-2024\SW1\Proyecto Final\frontend-finalsw1\src\app\authentication\screen\login\login.component.ts", "TypeScript", 0, 0, 0, 34, 0, 0, 0, 0, 1, 4, 39
"c:\Users\Alejandro\Desktop\Semestre 1-2024\SW1\Proyecto Final\frontend-finalsw1\src\app\authentication\screen\registro\registro.component.css", "CSS", 0, 0, 0, 0, 0, 0, 0, 0, 0, 1, 1
"c:\Users\Alejandro\Desktop\Semestre 1-2024\SW1\Proyecto Final\frontend-finalsw1\src\app\authentication\screen\registro\registro.component.html", "HTML", 0, 0, 0, 0, 0, 0, 63, 0, 10, 0, 73
"c:\Users\Alejandro\Desktop\Semestre 1-2024\SW1\Proyecto Final\frontend-finalsw1\src\app\authentication\screen\registro\registro.component.ts", "TypeScript", 0, 0, 0, 44, 0, 0, 0, 0, 3, 8, 55
"c:\Users\Alejandro\Desktop\Semestre 1-2024\SW1\Proyecto Final\frontend-finalsw1\src\app\dashboard\dashboard.component.css", "CSS", 0, 0, 0, 0, 0, 0, 0, 0, 0, 1, 1
"c:\Users\Alejandro\Desktop\Semestre 1-2024\SW1\Proyecto Final\frontend-finalsw1\src\app\dashboard\dashboard.component.html", "HTML", 0, 0, 0, 0, 0, 0, 45, 0, 3, 0, 48
"c:\Users\Alejandro\Desktop\Semestre 1-2024\SW1\Proyecto Final\frontend-finalsw1\src\app\dashboard\dashboard.component.ts", "TypeScript", 0, 0, 0, 152, 0, 0, 0, 0, 0, 10, 162
"c:\Users\Alejandro\Desktop\Semestre 1-2024\SW1\Proyecto Final\frontend-finalsw1\src\app\dashboard\dashboard.service.ts", "TypeScript", 0, 0, 0, 9, 0, 0, 0, 0, 1, 3, 13
"c:\Users\Alejandro\Desktop\Semestre 1-2024\SW1\Proyecto Final\frontend-finalsw1\src\app\dashboard\screens\georeferenciacion-mapa\components\loading-map\loading-map.component.css", "CSS", 0, 0, 0, 0, 0, 0, 0, 0, 0, 1, 1
"c:\Users\Alejandro\Desktop\Semestre 1-2024\SW1\Proyecto Final\frontend-finalsw1\src\app\dashboard\screens\georeferenciacion-mapa\components\loading-map\loading-map.component.html", "HTML", 0, 0, 0, 0, 0, 0, 1, 0, 0, 1, 2
"c:\Users\Alejandro\Desktop\Semestre 1-2024\SW1\Proyecto Final\frontend-finalsw1\src\app\dashboard\screens\georeferenciacion-mapa\components\loading-map\loading-map.component.spec.ts", "TypeScript", 0, 0, 0, 18, 0, 0, 0, 0, 0, 6, 24
"c:\Users\Alejandro\Desktop\Semestre 1-2024\SW1\Proyecto Final\frontend-finalsw1\src\app\dashboard\screens\georeferenciacion-mapa\components\loading-map\loading-map.component.ts", "TypeScript", 0, 0, 0, 10, 0, 0, 0, 0, 0, 3, 13
"c:\Users\Alejandro\Desktop\Semestre 1-2024\SW1\Proyecto Final\frontend-finalsw1\src\app\dashboard\screens\georeferenciacion-mapa\geolocalizacion.service.spec.ts", "TypeScript", 0, 0, 0, 12, 0, 0, 0, 0, 0, 5, 17
"c:\Users\Alejandro\Desktop\Semestre 1-2024\SW1\Proyecto Final\frontend-finalsw1\src\app\dashboard\screens\georeferenciacion-mapa\geolocalizacion.service.ts", "TypeScript", 0, 0, 0, 62, 0, 0, 0, 0, 0, 8, 70
"c:\Users\Alejandro\Desktop\Semestre 1-2024\SW1\Proyecto Final\frontend-finalsw1\src\app\dashboard\screens\georeferenciacion-mapa\georeferenciacion-mapa.component.css", "CSS", 0, 0, 0, 0, 18, 0, 0, 0, 0, 5, 23
"c:\Users\Alejandro\Desktop\Semestre 1-2024\SW1\Proyecto Final\frontend-finalsw1\src\app\dashboard\screens\georeferenciacion-mapa\georeferenciacion-mapa.component.html", "HTML", 0, 0, 0, 0, 0, 0, 79, 0, 12, 4, 95
"c:\Users\Alejandro\Desktop\Semestre 1-2024\SW1\Proyecto Final\frontend-finalsw1\src\app\dashboard\screens\georeferenciacion-mapa\georeferenciacion-mapa.component.ts", "TypeScript", 0, 0, 0, 455, 0, 0, 0, 0, 29, 63, 547
"c:\Users\Alejandro\Desktop\Semestre 1-2024\SW1\Proyecto Final\frontend-finalsw1\src\app\dashboard\screens\georeferenciacion-mapa\loading-map.component.ts", "TypeScript", 0, 0, 0, 0, 0, 0, 0, 0, 0, 1, 1
"c:\Users\Alejandro\Desktop\Semestre 1-2024\SW1\Proyecto Final\frontend-finalsw1\src\app\dashboard\screens\lista-comerciantes\lista-comerciantes.component.css", "CSS", 0, 0, 0, 0, 0, 0, 0, 0, 0, 1, 1
"c:\Users\Alejandro\Desktop\Semestre 1-2024\SW1\Proyecto Final\frontend-finalsw1\src\app\dashboard\screens\lista-comerciantes\lista-comerciantes.component.html", "HTML", 0, 0, 0, 0, 0, 0, 114, 0, 3, 0, 117
"c:\Users\Alejandro\Desktop\Semestre 1-2024\SW1\Proyecto Final\frontend-finalsw1\src\app\dashboard\screens\lista-comerciantes\lista-comerciantes.component.ts", "TypeScript", 0, 0, 0, 42, 0, 0, 0, 0, 19, 12, 73
"c:\Users\Alejandro\Desktop\Semestre 1-2024\SW1\Proyecto Final\frontend-finalsw1\src\app\dashboard\screens\lista-comerciantes\lista-comerciantes.service.ts", "TypeScript", 0, 0, 0, 11, 0, 0, 0, 0, 0, 2, 13
"c:\Users\Alejandro\Desktop\Semestre 1-2024\SW1\Proyecto Final\frontend-finalsw1\src\app\dashboard\screens\lista-productos\lista-productos.component.css", "CSS", 0, 0, 0, 0, 0, 0, 0, 0, 0, 1, 1
"c:\Users\Alejandro\Desktop\Semestre 1-2024\SW1\Proyecto Final\frontend-finalsw1\src\app\dashboard\screens\lista-productos\lista-productos.component.html", "HTML", 0, 0, 0, 0, 0, 0, 97, 0, 9, 2, 108
"c:\Users\Alejandro\Desktop\Semestre 1-2024\SW1\Proyecto Final\frontend-finalsw1\src\app\dashboard\screens\lista-productos\lista-productos.component.ts", "TypeScript", 0, 0, 0, 78, 0, 0, 0, 0, 22, 13, 113
"c:\Users\Alejandro\Desktop\Semestre 1-2024\SW1\Proyecto Final\frontend-finalsw1\src\app\dashboard\screens\lista-productos\lista-productos.service.ts", "TypeScript", 0, 0, 0, 11, 0, 0, 0, 0, 0, 2, 13
"c:\Users\Alejandro\Desktop\Semestre 1-2024\SW1\Proyecto Final\frontend-finalsw1\src\app\dashboard\screens\perfil\comerciante\comerciante.component.css", "CSS", 0, 0, 0, 0, 8, 0, 0, 0, 0, 1, 9
"c:\Users\Alejandro\Desktop\Semestre 1-2024\SW1\Proyecto Final\frontend-finalsw1\src\app\dashboard\screens\perfil\comerciante\comerciante.component.html", "HTML", 0, 0, 0, 0, 0, 0, 126, 0, 20, 3, 149
"c:\Users\Alejandro\Desktop\Semestre 1-2024\SW1\Proyecto Final\frontend-finalsw1\src\app\dashboard\screens\perfil\comerciante\comerciante.component.ts", "TypeScript", 0, 0, 0, 112, 0, 0, 0, 0, 8, 15, 135
"c:\Users\Alejandro\Desktop\Semestre 1-2024\SW1\Proyecto Final\frontend-finalsw1\src\app\dashboard\screens\perfil\perfil.service.ts", "TypeScript", 0, 0, 0, 22, 0, 0, 0, 0, 1, 6, 29
"c:\Users\Alejandro\Desktop\Semestre 1-2024\SW1\Proyecto Final\frontend-finalsw1\src\app\dashboard\screens\perfil\supervisor\supervisor.component.css", "CSS", 0, 0, 0, 0, 8, 0, 0, 0, 0, 1, 9
"c:\Users\Alejandro\Desktop\Semestre 1-2024\SW1\Proyecto Final\frontend-finalsw1\src\app\dashboard\screens\perfil\supervisor\supervisor.component.html", "HTML", 0, 0, 0, 0, 0, 0, 92, 0, 21, 3, 116
"c:\Users\Alejandro\Desktop\Semestre 1-2024\SW1\Proyecto Final\frontend-finalsw1\src\app\dashboard\screens\perfil\supervisor\supervisor.component.ts", "TypeScript", 0, 0, 0, 98, 0, 0, 0, 0, 5, 12, 115
"c:\Users\Alejandro\Desktop\Semestre 1-2024\SW1\Proyecto Final\frontend-finalsw1\src\app\dashboard\screens\producto\producto.component.css", "CSS", 0, 0, 0, 0, 18, 0, 0, 0, 0, 4, 22
"c:\Users\Alejandro\Desktop\Semestre 1-2024\SW1\Proyecto Final\frontend-finalsw1\src\app\dashboard\screens\producto\producto.component.html", "HTML", 0, 0, 0, 0, 0, 0, 73, 0, 10, 4, 87
"c:\Users\Alejandro\Desktop\Semestre 1-2024\SW1\Proyecto Final\frontend-finalsw1\src\app\dashboard\screens\producto\producto.component.ts", "TypeScript", 0, 0, 0, 69, 0, 0, 0, 0, 38, 14, 121
"c:\Users\Alejandro\Desktop\Semestre 1-2024\SW1\Proyecto Final\frontend-finalsw1\src\app\dashboard\screens\producto\producto.service.ts", "TypeScript", 0, 0, 0, 42, 0, 0, 0, 0, 1, 5, 48
"c:\Users\Alejandro\Desktop\Semestre 1-2024\SW1\Proyecto Final\frontend-finalsw1\src\app\environments\environment.ts", "TypeScript", 0, 0, 0, 5, 0, 0, 0, 0, 0, 1, 6
"c:\Users\Alejandro\Desktop\Semestre 1-2024\SW1\Proyecto Final\frontend-finalsw1\src\app\mapbox1\components\mini-map\mini-map.component.css", "CSS", 0, 0, 0, 0, 0, 0, 0, 0, 0, 1, 1
"c:\Users\Alejandro\Desktop\Semestre 1-2024\SW1\Proyecto Final\frontend-finalsw1\src\app\mapbox1\components\mini-map\mini-map.component.html", "HTML", 0, 0, 0, 0, 0, 0, 1, 0, 0, 1, 2
"c:\Users\Alejandro\Desktop\Semestre 1-2024\SW1\Proyecto Final\frontend-finalsw1\src\app\mapbox1\components\mini-map\mini-map.component.ts", "TypeScript", 0, 0, 0, 10, 0, 0, 0, 0, 0, 3, 13
"c:\Users\Alejandro\Desktop\Semestre 1-2024\SW1\Proyecto Final\frontend-finalsw1\src\app\mapbox1\components\side-menu\side-menu.component.css", "CSS", 0, 0, 0, 0, 0, 0, 0, 0, 0, 1, 1
"c:\Users\Alejandro\Desktop\Semestre 1-2024\SW1\Proyecto Final\frontend-finalsw1\src\app\mapbox1\components\side-menu\side-menu.component.html", "HTML", 0, 0, 0, 0, 0, 0, 9, 0, 0, 0, 9
"c:\Users\Alejandro\Desktop\Semestre 1-2024\SW1\Proyecto Final\frontend-finalsw1\src\app\mapbox1\components\side-menu\side-menu.component.ts", "TypeScript", 0, 0, 0, 22, 0, 0, 0, 0, 0, 4, 26
"c:\Users\Alejandro\Desktop\Semestre 1-2024\SW1\Proyecto Final\frontend-finalsw1\src\app\mapbox1\layout\maps-layout\maps-layout.component.css", "CSS", 0, 0, 0, 0, 0, 0, 0, 0, 0, 1, 1
"c:\Users\Alejandro\Desktop\Semestre 1-2024\SW1\Proyecto Final\frontend-finalsw1\src\app\mapbox1\layout\maps-layout\maps-layout.component.html", "HTML", 0, 0, 0, 0, 0, 0, 2, 0, 0, 1, 3
"c:\Users\Alejandro\Desktop\Semestre 1-2024\SW1\Proyecto Final\frontend-finalsw1\src\app\mapbox1\layout\maps-layout\maps-layout.component.ts", "TypeScript", 0, 0, 0, 13, 0, 0, 0, 0, 0, 3, 16
"c:\Users\Alejandro\Desktop\Semestre 1-2024\SW1\Proyecto Final\frontend-finalsw1\src\app\mapbox1\pages\full-screen-page\full-screen-page.component.css", "CSS", 0, 0, 0, 0, 0, 0, 0, 0, 0, 1, 1
"c:\Users\Alejandro\Desktop\Semestre 1-2024\SW1\Proyecto Final\frontend-finalsw1\src\app\mapbox1\pages\full-screen-page\full-screen-page.component.html", "HTML", 0, 0, 0, 0, 0, 0, 1, 0, 0, 0, 1
"c:\Users\Alejandro\Desktop\Semestre 1-2024\SW1\Proyecto Final\frontend-finalsw1\src\app\mapbox1\pages\full-screen-page\full-screen-page.component.ts", "TypeScript", 0, 0, 0, 27, 0, 0, 0, 0, 1, 5, 33
"c:\Users\Alejandro\Desktop\Semestre 1-2024\SW1\Proyecto Final\frontend-finalsw1\src\app\mapbox1\pages\markers-page\markers-page.component.css", "CSS", 0, 0, 0, 0, 0, 0, 0, 0, 0, 1, 1
"c:\Users\Alejandro\Desktop\Semestre 1-2024\SW1\Proyecto Final\frontend-finalsw1\src\app\mapbox1\pages\markers-page\markers-page.component.html", "HTML", 0, 0, 0, 0, 0, 0, 12, 0, 0, 0, 12
"c:\Users\Alejandro\Desktop\Semestre 1-2024\SW1\Proyecto Final\frontend-finalsw1\src\app\mapbox1\pages\markers-page\markers-page.component.ts", "TypeScript", 0, 0, 0, 146, 0, 0, 0, 0, 13, 19, 178
"c:\Users\Alejandro\Desktop\Semestre 1-2024\SW1\Proyecto Final\frontend-finalsw1\src\app\mapbox1\pages\properties-page\properties-page.component.css", "CSS", 0, 0, 0, 0, 0, 0, 0, 0, 0, 1, 1
"c:\Users\Alejandro\Desktop\Semestre 1-2024\SW1\Proyecto Final\frontend-finalsw1\src\app\mapbox1\pages\properties-page\properties-page.component.html", "HTML", 0, 0, 0, 0, 0, 0, 1, 0, 0, 1, 2
"c:\Users\Alejandro\Desktop\Semestre 1-2024\SW1\Proyecto Final\frontend-finalsw1\src\app\mapbox1\pages\properties-page\properties-page.component.ts", "TypeScript", 0, 0, 0, 10, 0, 0, 0, 0, 0, 3, 13
"c:\Users\Alejandro\Desktop\Semestre 1-2024\SW1\Proyecto Final\frontend-finalsw1\src\app\mapbox1\pages\zoom-range-page\zoom-range-page.component.css", "CSS", 0, 0, 0, 0, 28, 0, 0, 0, 0, 4, 32
"c:\Users\Alejandro\Desktop\Semestre 1-2024\SW1\Proyecto Final\frontend-finalsw1\src\app\mapbox1\pages\zoom-range-page\zoom-range-page.component.html", "HTML", 0, 0, 0, 0, 0, 0, 16, 0, 0, 1, 17
"c:\Users\Alejandro\Desktop\Semestre 1-2024\SW1\Proyecto Final\frontend-finalsw1\src\app\mapbox1\pages\zoom-range-page\zoom-range-page.component.ts", "TypeScript", 0, 0, 0, 62, 0, 0, 0, 0, 1, 14, 77
"c:\Users\Alejandro\Desktop\Semestre 1-2024\SW1\Proyecto Final\frontend-finalsw1\src\app\payment\payment.component.css", "CSS", 0, 0, 0, 0, 0, 0, 0, 0, 0, 1, 1
"c:\Users\Alejandro\Desktop\Semestre 1-2024\SW1\Proyecto Final\frontend-finalsw1\src\app\payment\payment.component.html", "HTML", 0, 0, 0, 0, 0, 0, 34, 0, 0, 0, 34
"c:\Users\Alejandro\Desktop\Semestre 1-2024\SW1\Proyecto Final\frontend-finalsw1\src\app\payment\payment.component.ts", "TypeScript", 0, 0, 0, 103, 0, 0, 0, 0, 0, 11, 114
"c:\Users\Alejandro\Desktop\Semestre 1-2024\SW1\Proyecto Final\frontend-finalsw1\src\app\payment\payment.service.ts", "TypeScript", 0, 0, 0, 118, 0, 0, 0, 0, 6, 9, 133
"c:\Users\Alejandro\Desktop\Semestre 1-2024\SW1\Proyecto Final\frontend-finalsw1\src\app\payment\screens\cancel\cancel.component.css", "CSS", 0, 0, 0, 0, 0, 0, 0, 0, 0, 1, 1
"c:\Users\Alejandro\Desktop\Semestre 1-2024\SW1\Proyecto Final\frontend-finalsw1\src\app\payment\screens\cancel\cancel.component.html", "HTML", 0, 0, 0, 0, 0, 0, 1, 0, 0, 1, 2
"c:\Users\Alejandro\Desktop\Semestre 1-2024\SW1\Proyecto Final\frontend-finalsw1\src\app\payment\screens\cancel\cancel.component.spec.ts", "TypeScript", 0, 0, 0, 18, 0, 0, 0, 0, 0, 6, 24
"c:\Users\Alejandro\Desktop\Semestre 1-2024\SW1\Proyecto Final\frontend-finalsw1\src\app\payment\screens\cancel\cancel.component.ts", "TypeScript", 0, 0, 0, 10, 0, 0, 0, 0, 0, 3, 13
"c:\Users\Alejandro\Desktop\Semestre 1-2024\SW1\Proyecto Final\frontend-finalsw1\src\app\payment\screens\success\success.component.css", "CSS", 0, 0, 0, 0, 0, 0, 0, 0, 0, 1, 1
"c:\Users\Alejandro\Desktop\Semestre 1-2024\SW1\Proyecto Final\frontend-finalsw1\src\app\payment\screens\success\success.component.html", "HTML", 0, 0, 0, 0, 0, 0, 1, 0, 0, 1, 2
"c:\Users\Alejandro\Desktop\Semestre 1-2024\SW1\Proyecto Final\frontend-finalsw1\src\app\payment\screens\success\success.component.spec.ts", "TypeScript", 0, 0, 0, 18, 0, 0, 0, 0, 0, 6, 24
"c:\Users\Alejandro\Desktop\Semestre 1-2024\SW1\Proyecto Final\frontend-finalsw1\src\app\payment\screens\success\success.component.ts", "TypeScript", 0, 0, 0, 10, 0, 0, 0, 0, 0, 3, 13
"c:\Users\Alejandro\Desktop\Semestre 1-2024\SW1\Proyecto Final\frontend-finalsw1\src\assets\addMarcador.svg", "XML", 0, 0, 0, 0, 0, 1, 0, 0, 0, 0, 1
"c:\Users\Alejandro\Desktop\Semestre 1-2024\SW1\Proyecto Final\frontend-finalsw1\src\assets\aire-libre.svg", "XML", 0, 0, 0, 0, 0, 1, 0, 0, 0, 0, 1
"c:\Users\Alejandro\Desktop\Semestre 1-2024\SW1\Proyecto Final\frontend-finalsw1\src\assets\alojamiento.svg", "XML", 0, 0, 0, 0, 0, 1, 0, 0, 0, 0, 1
"c:\Users\Alejandro\Desktop\Semestre 1-2024\SW1\Proyecto Final\frontend-finalsw1\src\assets\analisis.svg", "XML", 0, 0, 0, 0, 0, 1, 0, 0, 0, 0, 1
"c:\Users\Alejandro\Desktop\Semestre 1-2024\SW1\Proyecto Final\frontend-finalsw1\src\assets\architectureMapa.svg", "XML", 0, 0, 0, 0, 0, 1, 0, 0, 0, 0, 1
"c:\Users\Alejandro\Desktop\Semestre 1-2024\SW1\Proyecto Final\frontend-finalsw1\src\assets\arrow-down.svg", "XML", 0, 0, 0, 0, 0, 4, 0, 0, 0, 0, 4
"c:\Users\Alejandro\Desktop\Semestre 1-2024\SW1\Proyecto Final\frontend-finalsw1\src\assets\atraccion-turistica.svg", "XML", 0, 0, 0, 0, 0, 1, 0, 0, 0, 0, 1
"c:\Users\Alejandro\Desktop\Semestre 1-2024\SW1\Proyecto Final\frontend-finalsw1\src\assets\atraccion-turistica2.svg", "XML", 0, 0, 0, 0, 0, 1, 0, 0, 0, 0, 1
"c:\Users\Alejandro\Desktop\Semestre 1-2024\SW1\Proyecto Final\frontend-finalsw1\src\assets\avion.svg", "XML", 0, 0, 0, 0, 0, 5, 0, 0, 0, 0, 5
"c:\Users\Alejandro\Desktop\Semestre 1-2024\SW1\Proyecto Final\frontend-finalsw1\src\assets\calendario.svg", "XML", 0, 0, 0, 0, 0, 1, 0, 0, 0, 0, 1
"c:\Users\Alejandro\Desktop\Semestre 1-2024\SW1\Proyecto Final\frontend-finalsw1\src\assets\calendarioListPayment.svg", "XML", 0, 0, 0, 0, 0, 1, 0, 0, 0, 0, 1
"c:\Users\Alejandro\Desktop\Semestre 1-2024\SW1\Proyecto Final\frontend-finalsw1\src\assets\camaListOffers.svg", "XML", 0, 0, 0, 0, 0, 1, 0, 0, 0, 0, 1
"c:\Users\Alejandro\Desktop\Semestre 1-2024\SW1\Proyecto Final\frontend-finalsw1\src\assets\categoriaProducto.svg", "XML", 0, 0, 0, 0, 0, 1, 0, 0, 0, 0, 1
"c:\Users\Alejandro\Desktop\Semestre 1-2024\SW1\Proyecto Final\frontend-finalsw1\src\assets\cerrar-sesion.svg", "XML", 0, 0, 0, 0, 0, 1, 0, 0, 0, 0, 1
"c:\Users\Alejandro\Desktop\Semestre 1-2024\SW1\Proyecto Final\frontend-finalsw1\src\assets\check.svg", "XML", 0, 0, 0, 0, 0, 1, 0, 0, 0, 0, 1
"c:\Users\Alejandro\Desktop\Semestre 1-2024\SW1\Proyecto Final\frontend-finalsw1\src\assets\ciudad.svg", "XML", 0, 0, 0, 0, 0, 1, 0, 0, 0, 0, 1
"c:\Users\Alejandro\Desktop\Semestre 1-2024\SW1\Proyecto Final\frontend-finalsw1\src\assets\clasePasajero.svg", "XML", 0, 0, 0, 0, 0, 1, 0, 0, 0, 0, 1
"c:\Users\Alejandro\Desktop\Semestre 1-2024\SW1\Proyecto Final\frontend-finalsw1\src\assets\close.svg", "XML", 0, 0, 0, 0, 0, 5, 0, 0, 0, 0, 5
"c:\Users\Alejandro\Desktop\Semestre 1-2024\SW1\Proyecto Final\frontend-finalsw1\src\assets\comercianteDashboard.svg", "XML", 0, 0, 0, 0, 0, 1, 0, 0, 0, 0, 1
"c:\Users\Alejandro\Desktop\Semestre 1-2024\SW1\Proyecto Final\frontend-finalsw1\src\assets\coordenadasMapa.svg", "XML", 0, 0, 0, 0, 0, 1, 0, 0, 0, 0, 1
"c:\Users\Alejandro\Desktop\Semestre 1-2024\SW1\Proyecto Final\frontend-finalsw1\src\assets\cuartoAlojamiento.svg", "XML", 0, 0, 0, 0, 0, 1, 0, 0, 0, 0, 1
"c:\Users\Alejandro\Desktop\Semestre 1-2024\SW1\Proyecto Final\frontend-finalsw1\src\assets\delete.svg", "XML", 0, 0, 0, 0, 0, 1, 0, 0, 0, 0, 1
"c:\Users\Alejandro\Desktop\Semestre 1-2024\SW1\Proyecto Final\frontend-finalsw1\src\assets\deleteListOffers.svg", "XML", 0, 0, 0, 0, 0, 1, 0, 0, 0, 0, 1
"c:\Users\Alejandro\Desktop\Semestre 1-2024\SW1\Proyecto Final\frontend-finalsw1\src\assets\descuentoProducto.svg", "XML", 0, 0, 0, 0, 0, 5, 0, 0, 0, 0, 5
"c:\Users\Alejandro\Desktop\Semestre 1-2024\SW1\Proyecto Final\frontend-finalsw1\src\assets\editarListOffers.svg", "XML", 0, 0, 0, 0, 0, 1, 0, 0, 0, 0, 1
"c:\Users\Alejandro\Desktop\Semestre 1-2024\SW1\Proyecto Final\frontend-finalsw1\src\assets\editarMapa.svg", "XML", 0, 0, 0, 0, 0, 1, 0, 0, 0, 0, 1
"c:\Users\Alejandro\Desktop\Semestre 1-2024\SW1\Proyecto Final\frontend-finalsw1\src\assets\emergencias.svg", "XML", 0, 0, 0, 0, 0, 1, 0, 0, 0, 0, 1
"c:\Users\Alejandro\Desktop\Semestre 1-2024\SW1\Proyecto Final\frontend-finalsw1\src\assets\entradaComercial.svg", "XML", 0, 0, 0, 0, 0, 1, 0, 0, 0, 0, 1
"c:\Users\Alejandro\Desktop\Semestre 1-2024\SW1\Proyecto Final\frontend-finalsw1\src\assets\estrcuturaMapa.svg", "XML", 0, 0, 0, 0, 0, 0, 0, 0, 0, 1, 1
"c:\Users\Alejandro\Desktop\Semestre 1-2024\SW1\Proyecto Final\frontend-finalsw1\src\assets\estrella.svg", "XML", 0, 0, 0, 0, 0, 5, 0, 0, 0, 0, 5
"c:\Users\Alejandro\Desktop\Semestre 1-2024\SW1\Proyecto Final\frontend-finalsw1\src\assets\eyeListOffers.svg", "XML", 0, 0, 0, 0, 0, 1, 0, 0, 0, 0, 1
"c:\Users\Alejandro\Desktop\Semestre 1-2024\SW1\Proyecto Final\frontend-finalsw1\src\assets\felcha_right.svg", "XML", 0, 0, 0, 0, 0, 1, 0, 0, 0, 0, 1
"c:\Users\Alejandro\Desktop\Semestre 1-2024\SW1\Proyecto Final\frontend-finalsw1\src\assets\geoDashboard.svg", "XML", 0, 0, 0, 0, 0, 1, 0, 0, 0, 0, 1
"c:\Users\Alejandro\Desktop\Semestre 1-2024\SW1\Proyecto Final\frontend-finalsw1\src\assets\gratis.svg", "XML", 0, 0, 0, 0, 0, 5, 0, 0, 0, 0, 5
"c:\Users\Alejandro\Desktop\Semestre 1-2024\SW1\Proyecto Final\frontend-finalsw1\src\assets\helpIcon.svg", "XML", 0, 0, 0, 0, 0, 1, 0, 0, 0, 0, 1
"c:\Users\Alejandro\Desktop\Semestre 1-2024\SW1\Proyecto Final\frontend-finalsw1\src\assets\iconBuscador.svg", "XML", 0, 0, 0, 0, 0, 1, 0, 0, 0, 0, 1
"c:\Users\Alejandro\Desktop\Semestre 1-2024\SW1\Proyecto Final\frontend-finalsw1\src\assets\iconLeft.svg", "XML", 0, 0, 0, 0, 0, 1, 0, 0, 0, 0, 1
"c:\Users\Alejandro\Desktop\Semestre 1-2024\SW1\Proyecto Final\frontend-finalsw1\src\assets\iconRight.svg", "XML", 0, 0, 0, 0, 0, 1, 0, 0, 0, 0, 1
"c:\Users\Alejandro\Desktop\Semestre 1-2024\SW1\Proyecto Final\frontend-finalsw1\src\assets\iconoMarcadorDataCliente.svg", "XML", 0, 0, 0, 0, 0, 1, 0, 0, 0, 0, 1
"c:\Users\Alejandro\Desktop\Semestre 1-2024\SW1\Proyecto Final\frontend-finalsw1\src\assets\iconoOfertaServicio.svg", "XML", 0, 0, 0, 0, 0, 1, 0, 0, 0, 0, 1
"c:\Users\Alejandro\Desktop\Semestre 1-2024\SW1\Proyecto Final\frontend-finalsw1\src\assets\iconoProducto.svg", "XML", 0, 0, 0, 0, 0, 1, 0, 0, 0, 0, 1
"c:\Users\Alejandro\Desktop\Semestre 1-2024\SW1\Proyecto Final\frontend-finalsw1\src\assets\like.svg", "XML", 0, 0, 0, 0, 0, 1, 0, 0, 0, 0, 1
"c:\Users\Alejandro\Desktop\Semestre 1-2024\SW1\Proyecto Final\frontend-finalsw1\src\assets\location.svg", "XML", 0, 0, 0, 0, 0, 5, 0, 0, 0, 0, 5
"c:\Users\Alejandro\Desktop\Semestre 1-2024\SW1\Proyecto Final\frontend-finalsw1\src\assets\love.svg", "XML", 0, 0, 0, 0, 0, 1, 0, 0, 0, 0, 1
"c:\Users\Alejandro\Desktop\Semestre 1-2024\SW1\Proyecto Final\frontend-finalsw1\src\assets\montoDinero.svg", "XML", 0, 0, 0, 0, 0, 1, 0, 0, 0, 0, 1
"c:\Users\Alejandro\Desktop\Semestre 1-2024\SW1\Proyecto Final\frontend-finalsw1\src\assets\myLocationMapa.svg", "XML", 0, 0, 0, 0, 0, 1, 0, 0, 0, 0, 1
"c:\Users\Alejandro\Desktop\Semestre 1-2024\SW1\Proyecto Final\frontend-finalsw1\src\assets\on-premises.svg", "XML", 0, 0, 0, 0, 0, 5, 0, 0, 0, 0, 5
"c:\Users\Alejandro\Desktop\Semestre 1-2024\SW1\Proyecto Final\frontend-finalsw1\src\assets\paymentList.svg", "XML", 0, 0, 0, 0, 0, 5, 0, 0, 0, 0, 5
"c:\Users\Alejandro\Desktop\Semestre 1-2024\SW1\Proyecto Final\frontend-finalsw1\src\assets\payments.svg", "XML", 0, 0, 0, 0, 0, 1, 0, 0, 0, 0, 1
"c:\Users\Alejandro\Desktop\Semestre 1-2024\SW1\Proyecto Final\frontend-finalsw1\src\assets\perfilAuth.svg", "XML", 0, 0, 0, 0, 0, 1, 0, 0, 0, 0, 1
"c:\Users\Alejandro\Desktop\Semestre 1-2024\SW1\Proyecto Final\frontend-finalsw1\src\assets\perfilDashboard.svg", "XML", 0, 0, 0, 0, 0, 1, 0, 0, 0, 0, 1
"c:\Users\Alejandro\Desktop\Semestre 1-2024\SW1\Proyecto Final\frontend-finalsw1\src\assets\perfilEmpresa.svg", "XML", 0, 0, 0, 0, 0, 1, 0, 0, 0, 0, 1
"c:\Users\Alejandro\Desktop\Semestre 1-2024\SW1\Proyecto Final\frontend-finalsw1\src\assets\playa.svg", "XML", 0, 0, 0, 0, 0, 1, 0, 0, 0, 0, 1
"c:\Users\Alejandro\Desktop\Semestre 1-2024\SW1\Proyecto Final\frontend-finalsw1\src\assets\politicasDashboard.svg", "XML", 0, 0, 0, 0, 0, 1, 0, 0, 0, 0, 1
"c:\Users\Alejandro\Desktop\Semestre 1-2024\SW1\Proyecto Final\frontend-finalsw1\src\assets\politicasEmpresa.svg", "XML", 0, 0, 0, 0, 0, 1, 0, 0, 0, 0, 1
"c:\Users\Alejandro\Desktop\Semestre 1-2024\SW1\Proyecto Final\frontend-finalsw1\src\assets\productoDashboard.svg", "XML", 0, 0, 0, 0, 0, 1, 0, 0, 0, 0, 1
"c:\Users\Alejandro\Desktop\Semestre 1-2024\SW1\Proyecto Final\frontend-finalsw1\src\assets\relax.svg", "XML", 0, 0, 0, 0, 0, 1, 0, 0, 0, 0, 1
"c:\Users\Alejandro\Desktop\Semestre 1-2024\SW1\Proyecto Final\frontend-finalsw1\src\assets\servicios.svg", "XML", 0, 0, 0, 0, 0, 1, 0, 0, 0, 0, 1
"c:\Users\Alejandro\Desktop\Semestre 1-2024\SW1\Proyecto Final\frontend-finalsw1\src\assets\signo-exclamacion.svg", "XML", 0, 0, 0, 0, 0, 5, 0, 0, 0, 0, 5
"c:\Users\Alejandro\Desktop\Semestre 1-2024\SW1\Proyecto Final\frontend-finalsw1\src\assets\storeComerciante.svg", "XML", 0, 0, 0, 0, 0, 1, 0, 0, 0, 0, 1
"c:\Users\Alejandro\Desktop\Semestre 1-2024\SW1\Proyecto Final\frontend-finalsw1\src\assets\subcripcion.svg", "XML", 0, 0, 0, 0, 0, 1, 0, 0, 0, 0, 1
"c:\Users\Alejandro\Desktop\Semestre 1-2024\SW1\Proyecto Final\frontend-finalsw1\src\assets\suma.svg", "XML", 0, 0, 0, 0, 0, 4, 0, 0, 0, 0, 4
"c:\Users\Alejandro\Desktop\Semestre 1-2024\SW1\Proyecto Final\frontend-finalsw1\src\assets\tarejetaCredito.svg", "XML", 0, 0, 0, 0, 0, 1, 0, 0, 0, 0, 1
"c:\Users\Alejandro\Desktop\Semestre 1-2024\SW1\Proyecto Final\frontend-finalsw1\src\assets\telefonoComerciante.svg", "XML", 0, 0, 0, 0, 0, 5, 0, 0, 0, 0, 5
"c:\Users\Alejandro\Desktop\Semestre 1-2024\SW1\Proyecto Final\frontend-finalsw1\src\assets\verified.svg", "XML", 0, 0, 0, 0, 0, 5, 0, 0, 0, 0, 5
"c:\Users\Alejandro\Desktop\Semestre 1-2024\SW1\Proyecto Final\frontend-finalsw1\src\assets\viewMapa.svg", "XML", 0, 0, 0, 0, 0, 1, 0, 0, 0, 0, 1
"c:\Users\Alejandro\Desktop\Semestre 1-2024\SW1\Proyecto Final\frontend-finalsw1\src\assets\visionOffListOffers.svg", "XML", 0, 0, 0, 0, 0, 1, 0, 0, 0, 0, 1
"c:\Users\Alejandro\Desktop\Semestre 1-2024\SW1\Proyecto Final\frontend-finalsw1\src\assets\vuelo.svg", "XML", 0, 0, 0, 0, 0, 1, 0, 0, 0, 0, 1
"c:\Users\Alejandro\Desktop\Semestre 1-2024\SW1\Proyecto Final\frontend-finalsw1\src\assets\zoomMasMapa.svg", "XML", 0, 0, 0, 0, 0, 1, 0, 0, 0, 0, 1
"c:\Users\Alejandro\Desktop\Semestre 1-2024\SW1\Proyecto Final\frontend-finalsw1\src\assets\zoomMenosMapa.svg", "XML", 0, 0, 0, 0, 0, 1, 0, 0, 0, 0, 1
"c:\Users\Alejandro\Desktop\Semestre 1-2024\SW1\Proyecto Final\frontend-finalsw1\src\index.html", "HTML", 0, 0, 0, 0, 0, 0, 19, 0, 0, 3, 22
"c:\Users\Alejandro\Desktop\Semestre 1-2024\SW1\Proyecto Final\frontend-finalsw1\src\main.server.ts", "TypeScript", 0, 0, 0, 5, 0, 0, 0, 0, 0, 3, 8
"c:\Users\Alejandro\Desktop\Semestre 1-2024\SW1\Proyecto Final\frontend-finalsw1\src\main.ts", "TypeScript", 0, 0, 0, 9, 0, 0, 0, 0, 0, 4, 13
"c:\Users\Alejandro\Desktop\Semestre 1-2024\SW1\Proyecto Final\frontend-finalsw1\src\styles.css", "CSS", 0, 0, 0, 0, 3, 0, 0, 0, 1, 1, 5
"c:\Users\Alejandro\Desktop\Semestre 1-2024\SW1\Proyecto Final\frontend-finalsw1\tailwind.config.js", "JavaScript", 0, 0, 37, 0, 0, 0, 0, 0, 1, 1, 39
"c:\Users\Alejandro\Desktop\Semestre 1-2024\SW1\Proyecto Final\frontend-finalsw1\tsconfig.app.json", "JSON", 17, 0, 0, 0, 0, 0, 0, 0, 1, 1, 19
"c:\Users\Alejandro\Desktop\Semestre 1-2024\SW1\Proyecto Final\frontend-finalsw1\tsconfig.json", "JSON with Comments", 0, 32, 0, 0, 0, 0, 0, 0, 1, 1, 34
"c:\Users\Alejandro\Desktop\Semestre 1-2024\SW1\Proyecto Final\frontend-finalsw1\tsconfig.spec.json", "JSON", 13, 0, 0, 0, 0, 0, 0, 0, 1, 1, 15
"Total", "-", 13371, 32, 37, 2203, 83, 119, 845, 14, 256, 415, 17375